record_id,year,facility_id,operator,region_code,region_name,commodity,production_volume,unit,production_value_php,report_basis,source_office,data_status
MP-2021-001,2021,MGB-FAC-001,Synthetic Mineral Operation 01,R04A,CALABARZON,Gold ore,834073.8,metric tonne,8281265977.48,MGB Forms 29-1 to 29-16 family / synthetic consolidation,DENR-MGB,SYNTHETIC_DEMO
MP-2021-002,2021,MGB-FAC-002,Synthetic Mineral Operation 02,R08,Eastern Visayas,Copper concentrate,697069.5,metric tonne,11514879645.92,MGB Forms 29-1 to 29-16 family / synthetic consolidation,DENR-MGB,SYNTHETIC_DEMO
MP-2021-003,2021,MGB-FAC-003,Synthetic Mineral Operation 03,R13,Caraga,Limestone,829891.1,metric tonne,11615722339.75,MGB Forms 29-1 to 29-16 family / synthetic consolidation,DENR-MGB,SYNTHETIC_DEMO
MP-2021-004,2021,MGB-FAC-004,Synthetic Mineral Operation 04,R02,Cagayan Valley,Silica,699601.4,metric tonne,7541171337.42,MGB Forms 29-1 to 29-16 family / synthetic consolidation,DENR-MGB,SYNTHETIC_DEMO
MP-2021-005,2021,MGB-FAC-005,Synthetic Mineral Operation 05,R06,Western Visayas,Chromite,12338.6,metric tonne,73309238.06,MGB Forms 29-1 to 29-16 family / synthetic consolidation,DENR-MGB,SYNTHETIC_DEMO
MP-2021-006,2021,MGB-FAC-006,Synthetic Mineral Operation 06,R11,Davao Region,Aggregates,825903.2,metric tonne,2547847692.77,MGB Forms 29-1 to 29-16 family / synthetic consolidation,DENR-MGB,SYNTHETIC_DEMO
MP-2021-007,2021,MGB-FAC-007,Synthetic Mineral Operation 07,CAR,Cordillera Administrative Region,Nickel ore,525629.3,metric tonne,5378473945.07,MGB Forms 29-1 to 29-16 family / synthetic consolidation,DENR-MGB,SYNTHETIC_DEMO
MP-2021-008,2021,MGB-FAC-008,Synthetic Mineral Operation 08,MIMAROPA,MIMAROPA Region,Gold ore,260630.3,metric tonne,3280197336.2,MGB Forms 29-1 to 29-16 family / synthetic consolidation,DENR-MGB,SYNTHETIC_DEMO
MP-2021-009,2021,MGB-FAC-009,Synthetic Mineral Operation 09,R09,Zamboanga Peninsula,Copper concentrate,628802.7,metric tonne,8630317910.88,MGB Forms 29-1 to 29-16 family / synthetic consolidation,DENR-MGB,SYNTHETIC_DEMO
MP-2021-010,2021,MGB-FAC-010,Synthetic Mineral Operation 10,BARMM,Bangsamoro Autonomous Region in Muslim Mindanao,Limestone,88778.2,metric tonne,302289639.69,MGB Forms 29-1 to 29-16 family / synthetic consolidation,DENR-MGB,SYNTHETIC_DEMO
MP-2021-011,2021,MGB-FAC-011,Synthetic Mineral Operation 11,R03,Central Luzon,Silica,674639.5,metric tonne,3323610609.99,MGB Forms 29-1 to 29-16 family / synthetic consolidation,DENR-MGB,SYNTHETIC_DEMO
MP-2021-012,2021,MGB-FAC-012,Synthetic Mineral Operation 12,R07,Central Visayas,Chromite,708890.2,metric tonne,8121674032.68,MGB Forms 29-1 to 29-16 family / synthetic consolidation,DENR-MGB,SYNTHETIC_DEMO
MP-2021-013,2021,MGB-FAC-013,Synthetic Mineral Operation 13,R12,SOCCSKSARGEN,Aggregates,329064.9,metric tonne,373327228.98,MGB Forms 29-1 to 29-16 family / synthetic consolidation,DENR-MGB,SYNTHETIC_DEMO
MP-2021-014,2021,MGB-FAC-014,Synthetic Mineral Operation 14,R01,Ilocos Region,Nickel ore,384840.6,metric tonne,6058533910.58,MGB Forms 29-1 to 29-16 family / synthetic consolidation,DENR-MGB,SYNTHETIC_DEMO
MP-2021-015,2021,MGB-FAC-015,Synthetic Mineral Operation 15,R05,Bicol Region,Gold ore,376394.5,metric tonne,2387361495.88,MGB Forms 29-1 to 29-16 family / synthetic consolidation,DENR-MGB,SYNTHETIC_DEMO
MP-2021-016,2021,MGB-FAC-016,Synthetic Mineral Operation 16,R10,Northern Mindanao,Copper concentrate,600922,metric tonne,8659401369.22,MGB Forms 29-1 to 29-16 family / synthetic consolidation,DENR-MGB,SYNTHETIC_DEMO
MP-2021-017,2021,MGB-FAC-017,Synthetic Mineral Operation 17,NCR,National Capital Region,Limestone,686643.6,metric tonne,5151544294.43,MGB Forms 29-1 to 29-16 family / synthetic consolidation,DENR-MGB,SYNTHETIC_DEMO
MP-2021-018,2021,MGB-FAC-018,Synthetic Mineral Operation 18,R04A,CALABARZON,Silica,308703.9,metric tonne,2227160858.95,MGB Forms 29-1 to 29-16 family / synthetic consolidation,DENR-MGB,SYNTHETIC_DEMO
MP-2021-019,2021,MGB-FAC-019,Synthetic Mineral Operation 19,R08,Eastern Visayas,Chromite,530872.7,metric tonne,4610704557.44,MGB Forms 29-1 to 29-16 family / synthetic consolidation,DENR-MGB,SYNTHETIC_DEMO
MP-2021-020,2021,MGB-FAC-020,Synthetic Mineral Operation 20,R13,Caraga,Aggregates,429433.3,metric tonne,659156237.09,MGB Forms 29-1 to 29-16 family / synthetic consolidation,DENR-MGB,SYNTHETIC_DEMO
MP-2021-021,2021,MGB-FAC-021,Synthetic Mineral Operation 21,R02,Cagayan Valley,Nickel ore,252284.9,metric tonne,1685504554.38,MGB Forms 29-1 to 29-16 family / synthetic consolidation,DENR-MGB,SYNTHETIC_DEMO
MP-2021-022,2021,MGB-FAC-022,Synthetic Mineral Operation 22,R06,Western Visayas,Gold ore,280927.8,metric tonne,4383622487.68,MGB Forms 29-1 to 29-16 family / synthetic consolidation,DENR-MGB,SYNTHETIC_DEMO
MP-2021-023,2021,MGB-FAC-023,Synthetic Mineral Operation 23,R11,Davao Region,Copper concentrate,91025.2,metric tonne,929442272.59,MGB Forms 29-1 to 29-16 family / synthetic consolidation,DENR-MGB,SYNTHETIC_DEMO
MP-2021-024,2021,MGB-FAC-024,Synthetic Mineral Operation 24,CAR,Cordillera Administrative Region,Limestone,29377.7,metric tonne,432274184.44,MGB Forms 29-1 to 29-16 family / synthetic consolidation,DENR-MGB,SYNTHETIC_DEMO
MP-2021-025,2021,MGB-FAC-025,Synthetic Mineral Operation 25,MIMAROPA,MIMAROPA Region,Silica,362339.4,metric tonne,3727150236.91,MGB Forms 29-1 to 29-16 family / synthetic consolidation,DENR-MGB,SYNTHETIC_DEMO
MP-2021-026,2021,MGB-FAC-026,Synthetic Mineral Operation 26,R09,Zamboanga Peninsula,Chromite,322446.8,metric tonne,5283250465.54,MGB Forms 29-1 to 29-16 family / synthetic consolidation,DENR-MGB,SYNTHETIC_DEMO
MP-2021-027,2021,MGB-FAC-027,Synthetic Mineral Operation 27,BARMM,Bangsamoro Autonomous Region in Muslim Mindanao,Aggregates,183888.6,metric tonne,656530231.79,MGB Forms 29-1 to 29-16 family / synthetic consolidation,DENR-MGB,SYNTHETIC_DEMO
MP-2021-028,2021,MGB-FAC-028,Synthetic Mineral Operation 28,R03,Central Luzon,Nickel ore,637799.3,metric tonne,1665717792.15,MGB Forms 29-1 to 29-16 family / synthetic consolidation,DENR-MGB,SYNTHETIC_DEMO
MP-2021-029,2021,MGB-FAC-029,Synthetic Mineral Operation 29,R07,Central Visayas,Gold ore,786283.3,metric tonne,5314352803.04,MGB Forms 29-1 to 29-16 family / synthetic consolidation,DENR-MGB,SYNTHETIC_DEMO
MP-2021-030,2021,MGB-FAC-030,Synthetic Mineral Operation 30,R12,SOCCSKSARGEN,Copper concentrate,177090.8,metric tonne,1941648627.48,MGB Forms 29-1 to 29-16 family / synthetic consolidation,DENR-MGB,SYNTHETIC_DEMO
MP-2021-031,2021,MGB-FAC-031,Synthetic Mineral Operation 31,R01,Ilocos Region,Limestone,224931.9,metric tonne,1836123143.41,MGB Forms 29-1 to 29-16 family / synthetic consolidation,DENR-MGB,SYNTHETIC_DEMO
MP-2021-032,2021,MGB-FAC-032,Synthetic Mineral Operation 32,R05,Bicol Region,Silica,826361.1,metric tonne,7751123018.31,MGB Forms 29-1 to 29-16 family / synthetic consolidation,DENR-MGB,SYNTHETIC_DEMO
MP-2021-033,2021,MGB-FAC-033,Synthetic Mineral Operation 33,R10,Northern Mindanao,Chromite,389129,metric tonne,1660888555.02,MGB Forms 29-1 to 29-16 family / synthetic consolidation,DENR-MGB,SYNTHETIC_DEMO
MP-2021-034,2021,MGB-FAC-034,Synthetic Mineral Operation 34,NCR,National Capital Region,Aggregates,627438.6,metric tonne,2101993157.17,MGB Forms 29-1 to 29-16 family / synthetic consolidation,DENR-MGB,SYNTHETIC_DEMO
MP-2021-035,2021,MGB-FAC-035,Synthetic Mineral Operation 35,R04A,CALABARZON,Nickel ore,488541.4,metric tonne,3324508193.09,MGB Forms 29-1 to 29-16 family / synthetic consolidation,DENR-MGB,SYNTHETIC_DEMO
MP-2021-036,2021,MGB-FAC-036,Synthetic Mineral Operation 36,R08,Eastern Visayas,Gold ore,53492.6,metric tonne,233357429.56,MGB Forms 29-1 to 29-16 family / synthetic consolidation,DENR-MGB,SYNTHETIC_DEMO
MP-2022-001,2022,MGB-FAC-001,Synthetic Mineral Operation 01,R04A,CALABARZON,Gold ore,182359.6,metric tonne,3155990803.65,MGB Forms 29-1 to 29-16 family / synthetic consolidation,DENR-MGB,SYNTHETIC_DEMO
MP-2022-002,2022,MGB-FAC-002,Synthetic Mineral Operation 02,R08,Eastern Visayas,Copper concentrate,389412.1,metric tonne,4541552883.37,MGB Forms 29-1 to 29-16 family / synthetic consolidation,DENR-MGB,SYNTHETIC_DEMO
MP-2022-003,2022,MGB-FAC-003,Synthetic Mineral Operation 03,R13,Caraga,Limestone,640189.1,metric tonne,2698625997.12,MGB Forms 29-1 to 29-16 family / synthetic consolidation,DENR-MGB,SYNTHETIC_DEMO
MP-2022-004,2022,MGB-FAC-004,Synthetic Mineral Operation 04,R02,Cagayan Valley,Silica,353146.6,metric tonne,470799343.36,MGB Forms 29-1 to 29-16 family / synthetic consolidation,DENR-MGB,SYNTHETIC_DEMO
MP-2022-005,2022,MGB-FAC-005,Synthetic Mineral Operation 05,R06,Western Visayas,Chromite,47338.3,metric tonne,333226420.25,MGB Forms 29-1 to 29-16 family / synthetic consolidation,DENR-MGB,SYNTHETIC_DEMO
MP-2022-006,2022,MGB-FAC-006,Synthetic Mineral Operation 06,R11,Davao Region,Aggregates,232047,metric tonne,3987785010.41,MGB Forms 29-1 to 29-16 family / synthetic consolidation,DENR-MGB,SYNTHETIC_DEMO
MP-2022-007,2022,MGB-FAC-007,Synthetic Mineral Operation 07,CAR,Cordillera Administrative Region,Nickel ore,492547.9,metric tonne,8266343925.2,MGB Forms 29-1 to 29-16 family / synthetic consolidation,DENR-MGB,SYNTHETIC_DEMO
MP-2022-008,2022,MGB-FAC-008,Synthetic Mineral Operation 08,MIMAROPA,MIMAROPA Region,Gold ore,371962.5,metric tonne,4371972792.26,MGB Forms 29-1 to 29-16 family / synthetic consolidation,DENR-MGB,SYNTHETIC_DEMO
MP-2022-009,2022,MGB-FAC-009,Synthetic Mineral Operation 09,R09,Zamboanga Peninsula,Copper concentrate,723902.1,metric tonne,8635920893.32,MGB Forms 29-1 to 29-16 family / synthetic consolidation,DENR-MGB,SYNTHETIC_DEMO
MP-2022-010,2022,MGB-FAC-010,Synthetic Mineral Operation 10,BARMM,Bangsamoro Autonomous Region in Muslim Mindanao,Limestone,847203.1,metric tonne,6230628252.99,MGB Forms 29-1 to 29-16 family / synthetic consolidation,DENR-MGB,SYNTHETIC_DEMO
MP-2022-011,2022,MGB-FAC-011,Synthetic Mineral Operation 11,R03,Central Luzon,Silica,668348.2,metric tonne,4505071733.48,MGB Forms 29-1 to 29-16 family / synthetic consolidation,DENR-MGB,SYNTHETIC_DEMO
MP-2022-012,2022,MGB-FAC-012,Synthetic Mineral Operation 12,R07,Central Visayas,Chromite,198900.6,metric tonne,246410693.6,MGB Forms 29-1 to 29-16 family / synthetic consolidation,DENR-MGB,SYNTHETIC_DEMO
MP-2022-013,2022,MGB-FAC-013,Synthetic Mineral Operation 13,R12,SOCCSKSARGEN,Aggregates,37880.5,metric tonne,545277074.4,MGB Forms 29-1 to 29-16 family / synthetic consolidation,DENR-MGB,SYNTHETIC_DEMO
MP-2022-014,2022,MGB-FAC-014,Synthetic Mineral Operation 14,R01,Ilocos Region,Nickel ore,372084.9,metric tonne,3911751182.34,MGB Forms 29-1 to 29-16 family / synthetic consolidation,DENR-MGB,SYNTHETIC_DEMO
MP-2022-015,2022,MGB-FAC-015,Synthetic Mineral Operation 15,R05,Bicol Region,Gold ore,61531,metric tonne,96296527.65,MGB Forms 29-1 to 29-16 family / synthetic consolidation,DENR-MGB,SYNTHETIC_DEMO
MP-2022-016,2022,MGB-FAC-016,Synthetic Mineral Operation 16,R10,Northern Mindanao,Copper concentrate,767274.5,metric tonne,3573531636.15,MGB Forms 29-1 to 29-16 family / synthetic consolidation,DENR-MGB,SYNTHETIC_DEMO
MP-2022-017,2022,MGB-FAC-017,Synthetic Mineral Operation 17,NCR,National Capital Region,Limestone,721489,metric tonne,6429381327.53,MGB Forms 29-1 to 29-16 family / synthetic consolidation,DENR-MGB,SYNTHETIC_DEMO
MP-2022-018,2022,MGB-FAC-018,Synthetic Mineral Operation 18,R04A,CALABARZON,Silica,729720.8,metric tonne,11133654777.88,MGB Forms 29-1 to 29-16 family / synthetic consolidation,DENR-MGB,SYNTHETIC_DEMO
MP-2022-019,2022,MGB-FAC-019,Synthetic Mineral Operation 19,R08,Eastern Visayas,Chromite,897412.4,metric tonne,16147189257.6,MGB Forms 29-1 to 29-16 family / synthetic consolidation,DENR-MGB,SYNTHETIC_DEMO
MP-2022-020,2022,MGB-FAC-020,Synthetic Mineral Operation 20,R13,Caraga,Aggregates,11085.7,metric tonne,136836184.25,MGB Forms 29-1 to 29-16 family / synthetic consolidation,DENR-MGB,SYNTHETIC_DEMO
MP-2022-021,2022,MGB-FAC-021,Synthetic Mineral Operation 21,R02,Cagayan Valley,Nickel ore,490359.3,metric tonne,8553621591.01,MGB Forms 29-1 to 29-16 family / synthetic consolidation,DENR-MGB,SYNTHETIC_DEMO
MP-2022-022,2022,MGB-FAC-022,Synthetic Mineral Operation 22,R06,Western Visayas,Gold ore,222642.7,metric tonne,2649083190.88,MGB Forms 29-1 to 29-16 family / synthetic consolidation,DENR-MGB,SYNTHETIC_DEMO
MP-2022-023,2022,MGB-FAC-023,Synthetic Mineral Operation 23,R11,Davao Region,Copper concentrate,48311.7,metric tonne,542212893.51,MGB Forms 29-1 to 29-16 family / synthetic consolidation,DENR-MGB,SYNTHETIC_DEMO
MP-2022-024,2022,MGB-FAC-024,Synthetic Mineral Operation 24,CAR,Cordillera Administrative Region,Limestone,197842.6,metric tonne,296461790.83,MGB Forms 29-1 to 29-16 family / synthetic consolidation,DENR-MGB,SYNTHETIC_DEMO
MP-2022-025,2022,MGB-FAC-025,Synthetic Mineral Operation 25,MIMAROPA,MIMAROPA Region,Silica,165037.5,metric tonne,426541182.93,MGB Forms 29-1 to 29-16 family / synthetic consolidation,DENR-MGB,SYNTHETIC_DEMO
MP-2022-026,2022,MGB-FAC-026,Synthetic Mineral Operation 26,R09,Zamboanga Peninsula,Chromite,674342.9,metric tonne,9433979154.96,MGB Forms 29-1 to 29-16 family / synthetic consolidation,DENR-MGB,SYNTHETIC_DEMO
MP-2022-027,2022,MGB-FAC-027,Synthetic Mineral Operation 27,BARMM,Bangsamoro Autonomous Region in Muslim Mindanao,Aggregates,573834.7,metric tonne,984460990.4,MGB Forms 29-1 to 29-16 family / synthetic consolidation,DENR-MGB,SYNTHETIC_DEMO
MP-2022-028,2022,MGB-FAC-028,Synthetic Mineral Operation 28,R03,Central Luzon,Nickel ore,758969.7,metric tonne,7399972829.23,MGB Forms 29-1 to 29-16 family / synthetic consolidation,DENR-MGB,SYNTHETIC_DEMO
MP-2022-029,2022,MGB-FAC-029,Synthetic Mineral Operation 29,R07,Central Visayas,Gold ore,455045.9,metric tonne,3216956123.36,MGB Forms 29-1 to 29-16 family / synthetic consolidation,DENR-MGB,SYNTHETIC_DEMO
MP-2022-030,2022,MGB-FAC-030,Synthetic Mineral Operation 30,R12,SOCCSKSARGEN,Copper concentrate,521395.9,metric tonne,6387333885.41,MGB Forms 29-1 to 29-16 family / synthetic consolidation,DENR-MGB,SYNTHETIC_DEMO
MP-2022-031,2022,MGB-FAC-031,Synthetic Mineral Operation 31,R01,Ilocos Region,Limestone,678805.4,metric tonne,1893326992.13,MGB Forms 29-1 to 29-16 family / synthetic consolidation,DENR-MGB,SYNTHETIC_DEMO
MP-2022-032,2022,MGB-FAC-032,Synthetic Mineral Operation 32,R05,Bicol Region,Silica,618692.7,metric tonne,1463885734.67,MGB Forms 29-1 to 29-16 family / synthetic consolidation,DENR-MGB,SYNTHETIC_DEMO
MP-2022-033,2022,MGB-FAC-033,Synthetic Mineral Operation 33,R10,Northern Mindanao,Chromite,71314,metric tonne,779749818.39,MGB Forms 29-1 to 29-16 family / synthetic consolidation,DENR-MGB,SYNTHETIC_DEMO
MP-2022-034,2022,MGB-FAC-034,Synthetic Mineral Operation 34,NCR,National Capital Region,Aggregates,773361.1,metric tonne,6866696762.82,MGB Forms 29-1 to 29-16 family / synthetic consolidation,DENR-MGB,SYNTHETIC_DEMO
MP-2022-035,2022,MGB-FAC-035,Synthetic Mineral Operation 35,R04A,CALABARZON,Nickel ore,675711.5,metric tonne,2536030032.62,MGB Forms 29-1 to 29-16 family / synthetic consolidation,DENR-MGB,SYNTHETIC_DEMO
MP-2022-036,2022,MGB-FAC-036,Synthetic Mineral Operation 36,R08,Eastern Visayas,Gold ore,618442.8,metric tonne,1727775270.71,MGB Forms 29-1 to 29-16 family / synthetic consolidation,DENR-MGB,SYNTHETIC_DEMO
MP-2023-001,2023,MGB-FAC-001,Synthetic Mineral Operation 01,R04A,CALABARZON,Gold ore,26873.4,metric tonne,181279074,MGB Forms 29-1 to 29-16 family / synthetic consolidation,DENR-MGB,SYNTHETIC_DEMO
MP-2023-002,2023,MGB-FAC-002,Synthetic Mineral Operation 02,R08,Eastern Visayas,Copper concentrate,833741.9,metric tonne,5284291916.71,MGB Forms 29-1 to 29-16 family / synthetic consolidation,DENR-MGB,SYNTHETIC_DEMO
MP-2023-003,2023,MGB-FAC-003,Synthetic Mineral Operation 03,R13,Caraga,Limestone,136420.5,metric tonne,272911274.98,MGB Forms 29-1 to 29-16 family / synthetic consolidation,DENR-MGB,SYNTHETIC_DEMO
MP-2023-004,2023,MGB-FAC-004,Synthetic Mineral Operation 04,R02,Cagayan Valley,Silica,118822.5,metric tonne,131201988.23,MGB Forms 29-1 to 29-16 family / synthetic consolidation,DENR-MGB,SYNTHETIC_DEMO
MP-2023-005,2023,MGB-FAC-005,Synthetic Mineral Operation 05,R06,Western Visayas,Chromite,575645.6,metric tonne,9810184394.32,MGB Forms 29-1 to 29-16 family / synthetic consolidation,DENR-MGB,SYNTHETIC_DEMO
MP-2023-006,2023,MGB-FAC-006,Synthetic Mineral Operation 06,R11,Davao Region,Aggregates,716432.3,metric tonne,4109433982.57,MGB Forms 29-1 to 29-16 family / synthetic consolidation,DENR-MGB,SYNTHETIC_DEMO
MP-2023-007,2023,MGB-FAC-007,Synthetic Mineral Operation 07,CAR,Cordillera Administrative Region,Nickel ore,427178,metric tonne,5978808131.83,MGB Forms 29-1 to 29-16 family / synthetic consolidation,DENR-MGB,SYNTHETIC_DEMO
MP-2023-008,2023,MGB-FAC-008,Synthetic Mineral Operation 08,MIMAROPA,MIMAROPA Region,Gold ore,126379.9,metric tonne,2093103315.99,MGB Forms 29-1 to 29-16 family / synthetic consolidation,DENR-MGB,SYNTHETIC_DEMO
MP-2023-009,2023,MGB-FAC-009,Synthetic Mineral Operation 09,R09,Zamboanga Peninsula,Copper concentrate,433419.4,metric tonne,6110671145.81,MGB Forms 29-1 to 29-16 family / synthetic consolidation,DENR-MGB,SYNTHETIC_DEMO
MP-2023-010,2023,MGB-FAC-010,Synthetic Mineral Operation 10,BARMM,Bangsamoro Autonomous Region in Muslim Mindanao,Limestone,605586.8,metric tonne,3035040747.81,MGB Forms 29-1 to 29-16 family / synthetic consolidation,DENR-MGB,SYNTHETIC_DEMO
MP-2023-011,2023,MGB-FAC-011,Synthetic Mineral Operation 11,R03,Central Luzon,Silica,585093.2,metric tonne,789667562.9,MGB Forms 29-1 to 29-16 family / synthetic consolidation,DENR-MGB,SYNTHETIC_DEMO
MP-2023-012,2023,MGB-FAC-012,Synthetic Mineral Operation 12,R07,Central Visayas,Chromite,293351.9,metric tonne,923412232.71,MGB Forms 29-1 to 29-16 family / synthetic consolidation,DENR-MGB,SYNTHETIC_DEMO
MP-2023-013,2023,MGB-FAC-013,Synthetic Mineral Operation 13,R12,SOCCSKSARGEN,Aggregates,76655.1,metric tonne,625104578.17,MGB Forms 29-1 to 29-16 family / synthetic consolidation,DENR-MGB,SYNTHETIC_DEMO
MP-2023-014,2023,MGB-FAC-014,Synthetic Mineral Operation 14,R01,Ilocos Region,Nickel ore,193466.2,metric tonne,2085364587.25,MGB Forms 29-1 to 29-16 family / synthetic consolidation,DENR-MGB,SYNTHETIC_DEMO
MP-2023-015,2023,MGB-FAC-015,Synthetic Mineral Operation 15,R05,Bicol Region,Gold ore,716601.5,metric tonne,962799232.68,MGB Forms 29-1 to 29-16 family / synthetic consolidation,DENR-MGB,SYNTHETIC_DEMO
MP-2023-016,2023,MGB-FAC-016,Synthetic Mineral Operation 16,R10,Northern Mindanao,Copper concentrate,94512.2,metric tonne,940141291.16,MGB Forms 29-1 to 29-16 family / synthetic consolidation,DENR-MGB,SYNTHETIC_DEMO
MP-2023-017,2023,MGB-FAC-017,Synthetic Mineral Operation 17,NCR,National Capital Region,Limestone,79975.5,metric tonne,1209751796.26,MGB Forms 29-1 to 29-16 family / synthetic consolidation,DENR-MGB,SYNTHETIC_DEMO
MP-2023-018,2023,MGB-FAC-018,Synthetic Mineral Operation 18,R04A,CALABARZON,Silica,267338.6,metric tonne,4622152649.11,MGB Forms 29-1 to 29-16 family / synthetic consolidation,DENR-MGB,SYNTHETIC_DEMO
MP-2023-019,2023,MGB-FAC-019,Synthetic Mineral Operation 19,R08,Eastern Visayas,Chromite,386013.7,metric tonne,2322609825.69,MGB Forms 29-1 to 29-16 family / synthetic consolidation,DENR-MGB,SYNTHETIC_DEMO
MP-2023-020,2023,MGB-FAC-020,Synthetic Mineral Operation 20,R13,Caraga,Aggregates,246186.5,metric tonne,4211708433.31,MGB Forms 29-1 to 29-16 family / synthetic consolidation,DENR-MGB,SYNTHETIC_DEMO
MP-2023-021,2023,MGB-FAC-021,Synthetic Mineral Operation 21,R02,Cagayan Valley,Nickel ore,399959.6,metric tonne,441940754.46,MGB Forms 29-1 to 29-16 family / synthetic consolidation,DENR-MGB,SYNTHETIC_DEMO
MP-2023-022,2023,MGB-FAC-022,Synthetic Mineral Operation 22,R06,Western Visayas,Gold ore,448847,metric tonne,6476087482.55,MGB Forms 29-1 to 29-16 family / synthetic consolidation,DENR-MGB,SYNTHETIC_DEMO
MP-2023-023,2023,MGB-FAC-023,Synthetic Mineral Operation 23,R11,Davao Region,Copper concentrate,803263.1,metric tonne,11827900569.96,MGB Forms 29-1 to 29-16 family / synthetic consolidation,DENR-MGB,SYNTHETIC_DEMO
MP-2023-024,2023,MGB-FAC-024,Synthetic Mineral Operation 24,CAR,Cordillera Administrative Region,Limestone,535511,metric tonne,3004548255.26,MGB Forms 29-1 to 29-16 family / synthetic consolidation,DENR-MGB,SYNTHETIC_DEMO
MP-2023-025,2023,MGB-FAC-025,Synthetic Mineral Operation 25,MIMAROPA,MIMAROPA Region,Silica,419475.6,metric tonne,4531853126.03,MGB Forms 29-1 to 29-16 family / synthetic consolidation,DENR-MGB,SYNTHETIC_DEMO
MP-2023-026,2023,MGB-FAC-026,Synthetic Mineral Operation 26,R09,Zamboanga Peninsula,Chromite,340757.2,metric tonne,4014967919.86,MGB Forms 29-1 to 29-16 family / synthetic consolidation,DENR-MGB,SYNTHETIC_DEMO
MP-2023-027,2023,MGB-FAC-027,Synthetic Mineral Operation 27,BARMM,Bangsamoro Autonomous Region in Muslim Mindanao,Aggregates,730585.7,metric tonne,680897162.34,MGB Forms 29-1 to 29-16 family / synthetic consolidation,DENR-MGB,SYNTHETIC_DEMO
MP-2023-028,2023,MGB-FAC-028,Synthetic Mineral Operation 28,R03,Central Luzon,Nickel ore,890353.1,metric tonne,6963481024.7,MGB Forms 29-1 to 29-16 family / synthetic consolidation,DENR-MGB,SYNTHETIC_DEMO
MP-2023-029,2023,MGB-FAC-029,Synthetic Mineral Operation 29,R07,Central Visayas,Gold ore,898830,metric tonne,5495933341.71,MGB Forms 29-1 to 29-16 family / synthetic consolidation,DENR-MGB,SYNTHETIC_DEMO
MP-2023-030,2023,MGB-FAC-030,Synthetic Mineral Operation 30,R12,SOCCSKSARGEN,Copper concentrate,430213.4,metric tonne,1637438140.21,MGB Forms 29-1 to 29-16 family / synthetic consolidation,DENR-MGB,SYNTHETIC_DEMO
MP-2023-031,2023,MGB-FAC-031,Synthetic Mineral Operation 31,R01,Ilocos Region,Limestone,737060,metric tonne,2716786019.15,MGB Forms 29-1 to 29-16 family / synthetic consolidation,DENR-MGB,SYNTHETIC_DEMO
MP-2023-032,2023,MGB-FAC-032,Synthetic Mineral Operation 32,R05,Bicol Region,Silica,492612.8,metric tonne,4939433406.1,MGB Forms 29-1 to 29-16 family / synthetic consolidation,DENR-MGB,SYNTHETIC_DEMO
MP-2023-033,2023,MGB-FAC-033,Synthetic Mineral Operation 33,R10,Northern Mindanao,Chromite,76085.9,metric tonne,440230826.98,MGB Forms 29-1 to 29-16 family / synthetic consolidation,DENR-MGB,SYNTHETIC_DEMO
MP-2023-034,2023,MGB-FAC-034,Synthetic Mineral Operation 34,NCR,National Capital Region,Aggregates,349073.1,metric tonne,1247330962.76,MGB Forms 29-1 to 29-16 family / synthetic consolidation,DENR-MGB,SYNTHETIC_DEMO
MP-2023-035,2023,MGB-FAC-035,Synthetic Mineral Operation 35,R04A,CALABARZON,Nickel ore,192524.2,metric tonne,2922453582.83,MGB Forms 29-1 to 29-16 family / synthetic consolidation,DENR-MGB,SYNTHETIC_DEMO
MP-2023-036,2023,MGB-FAC-036,Synthetic Mineral Operation 36,R08,Eastern Visayas,Gold ore,333964.7,metric tonne,4795918728.5,MGB Forms 29-1 to 29-16 family / synthetic consolidation,DENR-MGB,SYNTHETIC_DEMO
MP-2024-001,2024,MGB-FAC-001,Synthetic Mineral Operation 01,R04A,CALABARZON,Gold ore,461622,metric tonne,7825125813.51,MGB Forms 29-1 to 29-16 family / synthetic consolidation,DENR-MGB,SYNTHETIC_DEMO
MP-2024-002,2024,MGB-FAC-002,Synthetic Mineral Operation 02,R08,Eastern Visayas,Copper concentrate,248450.9,metric tonne,3005095393.74,MGB Forms 29-1 to 29-16 family / synthetic consolidation,DENR-MGB,SYNTHETIC_DEMO
MP-2024-003,2024,MGB-FAC-003,Synthetic Mineral Operation 03,R13,Caraga,Limestone,812243.7,metric tonne,7379327053.28,MGB Forms 29-1 to 29-16 family / synthetic consolidation,DENR-MGB,SYNTHETIC_DEMO
MP-2024-004,2024,MGB-FAC-004,Synthetic Mineral Operation 04,R02,Cagayan Valley,Silica,865719.8,metric tonne,2837393262.71,MGB Forms 29-1 to 29-16 family / synthetic consolidation,DENR-MGB,SYNTHETIC_DEMO
MP-2024-005,2024,MGB-FAC-005,Synthetic Mineral Operation 05,R06,Western Visayas,Chromite,576971.4,metric tonne,3682328443.06,MGB Forms 29-1 to 29-16 family / synthetic consolidation,DENR-MGB,SYNTHETIC_DEMO
MP-2024-006,2024,MGB-FAC-006,Synthetic Mineral Operation 06,R11,Davao Region,Aggregates,848394.8,metric tonne,15046702819.34,MGB Forms 29-1 to 29-16 family / synthetic consolidation,DENR-MGB,SYNTHETIC_DEMO
MP-2024-007,2024,MGB-FAC-007,Synthetic Mineral Operation 07,CAR,Cordillera Administrative Region,Nickel ore,678054.1,metric tonne,5444825047.77,MGB Forms 29-1 to 29-16 family / synthetic consolidation,DENR-MGB,SYNTHETIC_DEMO
MP-2024-008,2024,MGB-FAC-008,Synthetic Mineral Operation 08,MIMAROPA,MIMAROPA Region,Gold ore,373317.9,metric tonne,3861282356.44,MGB Forms 29-1 to 29-16 family / synthetic consolidation,DENR-MGB,SYNTHETIC_DEMO
MP-2024-009,2024,MGB-FAC-009,Synthetic Mineral Operation 09,R09,Zamboanga Peninsula,Copper concentrate,279878.9,metric tonne,3074235738.95,MGB Forms 29-1 to 29-16 family / synthetic consolidation,DENR-MGB,SYNTHETIC_DEMO
MP-2024-010,2024,MGB-FAC-010,Synthetic Mineral Operation 10,BARMM,Bangsamoro Autonomous Region in Muslim Mindanao,Limestone,338628.3,metric tonne,2536709050.79,MGB Forms 29-1 to 29-16 family / synthetic consolidation,DENR-MGB,SYNTHETIC_DEMO
MP-2024-011,2024,MGB-FAC-011,Synthetic Mineral Operation 11,R03,Central Luzon,Silica,210003.9,metric tonne,2078318654.88,MGB Forms 29-1 to 29-16 family / synthetic consolidation,DENR-MGB,SYNTHETIC_DEMO
MP-2024-012,2024,MGB-FAC-012,Synthetic Mineral Operation 12,R07,Central Visayas,Chromite,155110.9,metric tonne,664024113.11,MGB Forms 29-1 to 29-16 family / synthetic consolidation,DENR-MGB,SYNTHETIC_DEMO
MP-2024-013,2024,MGB-FAC-013,Synthetic Mineral Operation 13,R12,SOCCSKSARGEN,Aggregates,79463.9,metric tonne,101438196.49,MGB Forms 29-1 to 29-16 family / synthetic consolidation,DENR-MGB,SYNTHETIC_DEMO
MP-2024-014,2024,MGB-FAC-014,Synthetic Mineral Operation 14,R01,Ilocos Region,Nickel ore,691531.8,metric tonne,9716575296.4,MGB Forms 29-1 to 29-16 family / synthetic consolidation,DENR-MGB,SYNTHETIC_DEMO
MP-2024-015,2024,MGB-FAC-015,Synthetic Mineral Operation 15,R05,Bicol Region,Gold ore,604304.4,metric tonne,723448987.23,MGB Forms 29-1 to 29-16 family / synthetic consolidation,DENR-MGB,SYNTHETIC_DEMO
MP-2024-016,2024,MGB-FAC-016,Synthetic Mineral Operation 16,R10,Northern Mindanao,Copper concentrate,745792.4,metric tonne,713217985.13,MGB Forms 29-1 to 29-16 family / synthetic consolidation,DENR-MGB,SYNTHETIC_DEMO
MP-2024-017,2024,MGB-FAC-017,Synthetic Mineral Operation 17,NCR,National Capital Region,Limestone,661739.6,metric tonne,4346477070.68,MGB Forms 29-1 to 29-16 family / synthetic consolidation,DENR-MGB,SYNTHETIC_DEMO
MP-2024-018,2024,MGB-FAC-018,Synthetic Mineral Operation 18,R04A,CALABARZON,Silica,164263.1,metric tonne,1623400145.05,MGB Forms 29-1 to 29-16 family / synthetic consolidation,DENR-MGB,SYNTHETIC_DEMO
MP-2024-019,2024,MGB-FAC-019,Synthetic Mineral Operation 19,R08,Eastern Visayas,Chromite,130986,metric tonne,245221552.99,MGB Forms 29-1 to 29-16 family / synthetic consolidation,DENR-MGB,SYNTHETIC_DEMO
MP-2024-020,2024,MGB-FAC-020,Synthetic Mineral Operation 20,R13,Caraga,Aggregates,272516.9,metric tonne,3706682883.24,MGB Forms 29-1 to 29-16 family / synthetic consolidation,DENR-MGB,SYNTHETIC_DEMO
MP-2024-021,2024,MGB-FAC-021,Synthetic Mineral Operation 21,R02,Cagayan Valley,Nickel ore,5261.5,metric tonne,89155429.03,MGB Forms 29-1 to 29-16 family / synthetic consolidation,DENR-MGB,SYNTHETIC_DEMO
MP-2024-022,2024,MGB-FAC-022,Synthetic Mineral Operation 22,R06,Western Visayas,Gold ore,741426.4,metric tonne,4150995784.92,MGB Forms 29-1 to 29-16 family / synthetic consolidation,DENR-MGB,SYNTHETIC_DEMO
MP-2024-023,2024,MGB-FAC-023,Synthetic Mineral Operation 23,R11,Davao Region,Copper concentrate,582871.3,metric tonne,2659536664.38,MGB Forms 29-1 to 29-16 family / synthetic consolidation,DENR-MGB,SYNTHETIC_DEMO
MP-2024-024,2024,MGB-FAC-024,Synthetic Mineral Operation 24,CAR,Cordillera Administrative Region,Limestone,533190.7,metric tonne,6552440584.16,MGB Forms 29-1 to 29-16 family / synthetic consolidation,DENR-MGB,SYNTHETIC_DEMO
MP-2024-025,2024,MGB-FAC-025,Synthetic Mineral Operation 25,MIMAROPA,MIMAROPA Region,Silica,592199.1,metric tonne,7537605211.67,MGB Forms 29-1 to 29-16 family / synthetic consolidation,DENR-MGB,SYNTHETIC_DEMO
MP-2024-026,2024,MGB-FAC-026,Synthetic Mineral Operation 26,R09,Zamboanga Peninsula,Chromite,739811.9,metric tonne,1979992975.67,MGB Forms 29-1 to 29-16 family / synthetic consolidation,DENR-MGB,SYNTHETIC_DEMO
MP-2024-027,2024,MGB-FAC-027,Synthetic Mineral Operation 27,BARMM,Bangsamoro Autonomous Region in Muslim Mindanao,Aggregates,31943.2,metric tonne,356497163.93,MGB Forms 29-1 to 29-16 family / synthetic consolidation,DENR-MGB,SYNTHETIC_DEMO
MP-2024-028,2024,MGB-FAC-028,Synthetic Mineral Operation 28,R03,Central Luzon,Nickel ore,762477.8,metric tonne,12590257343.51,MGB Forms 29-1 to 29-16 family / synthetic consolidation,DENR-MGB,SYNTHETIC_DEMO
MP-2024-029,2024,MGB-FAC-029,Synthetic Mineral Operation 29,R07,Central Visayas,Gold ore,310712.1,metric tonne,2174611317.28,MGB Forms 29-1 to 29-16 family / synthetic consolidation,DENR-MGB,SYNTHETIC_DEMO
MP-2024-030,2024,MGB-FAC-030,Synthetic Mineral Operation 30,R12,SOCCSKSARGEN,Copper concentrate,42969.7,metric tonne,322342650.92,MGB Forms 29-1 to 29-16 family / synthetic consolidation,DENR-MGB,SYNTHETIC_DEMO
MP-2024-031,2024,MGB-FAC-031,Synthetic Mineral Operation 31,R01,Ilocos Region,Limestone,328606.2,metric tonne,5724271820.7,MGB Forms 29-1 to 29-16 family / synthetic consolidation,DENR-MGB,SYNTHETIC_DEMO
MP-2024-032,2024,MGB-FAC-032,Synthetic Mineral Operation 32,R05,Bicol Region,Silica,720559.6,metric tonne,10424926714.42,MGB Forms 29-1 to 29-16 family / synthetic consolidation,DENR-MGB,SYNTHETIC_DEMO
MP-2024-033,2024,MGB-FAC-033,Synthetic Mineral Operation 33,R10,Northern Mindanao,Chromite,839074.6,metric tonne,8161694784.19,MGB Forms 29-1 to 29-16 family / synthetic consolidation,DENR-MGB,SYNTHETIC_DEMO
MP-2024-034,2024,MGB-FAC-034,Synthetic Mineral Operation 34,NCR,National Capital Region,Aggregates,861393.5,metric tonne,11065445327.64,MGB Forms 29-1 to 29-16 family / synthetic consolidation,DENR-MGB,SYNTHETIC_DEMO
MP-2024-035,2024,MGB-FAC-035,Synthetic Mineral Operation 35,R04A,CALABARZON,Nickel ore,476986.8,metric tonne,780611212.23,MGB Forms 29-1 to 29-16 family / synthetic consolidation,DENR-MGB,SYNTHETIC_DEMO
MP-2024-036,2024,MGB-FAC-036,Synthetic Mineral Operation 36,R08,Eastern Visayas,Gold ore,167314.6,metric tonne,412479570.48,MGB Forms 29-1 to 29-16 family / synthetic consolidation,DENR-MGB,SYNTHETIC_DEMO
MP-2025-001,2025,MGB-FAC-001,Synthetic Mineral Operation 01,R04A,CALABARZON,Gold ore,452710.4,metric tonne,3863931541.1,MGB Forms 29-1 to 29-16 family / synthetic consolidation,DENR-MGB,SYNTHETIC_DEMO
MP-2025-002,2025,MGB-FAC-002,Synthetic Mineral Operation 02,R08,Eastern Visayas,Copper concentrate,778624.8,metric tonne,11524965935.68,MGB Forms 29-1 to 29-16 family / synthetic consolidation,DENR-MGB,SYNTHETIC_DEMO
MP-2025-003,2025,MGB-FAC-003,Synthetic Mineral Operation 03,R13,Caraga,Limestone,544497.7,metric tonne,4492448639.6,MGB Forms 29-1 to 29-16 family / synthetic consolidation,DENR-MGB,SYNTHETIC_DEMO
MP-2025-004,2025,MGB-FAC-004,Synthetic Mineral Operation 04,R02,Cagayan Valley,Silica,105923.8,metric tonne,477257897.25,MGB Forms 29-1 to 29-16 family / synthetic consolidation,DENR-MGB,SYNTHETIC_DEMO
MP-2025-005,2025,MGB-FAC-005,Synthetic Mineral Operation 05,R06,Western Visayas,Chromite,752101.4,metric tonne,10251901445.45,MGB Forms 29-1 to 29-16 family / synthetic consolidation,DENR-MGB,SYNTHETIC_DEMO
MP-2025-006,2025,MGB-FAC-006,Synthetic Mineral Operation 06,R11,Davao Region,Aggregates,362116.8,metric tonne,2464930046.18,MGB Forms 29-1 to 29-16 family / synthetic consolidation,DENR-MGB,SYNTHETIC_DEMO
MP-2025-007,2025,MGB-FAC-007,Synthetic Mineral Operation 07,CAR,Cordillera Administrative Region,Nickel ore,276574.9,metric tonne,1391260588.89,MGB Forms 29-1 to 29-16 family / synthetic consolidation,DENR-MGB,SYNTHETIC_DEMO
MP-2025-008,2025,MGB-FAC-008,Synthetic Mineral Operation 08,MIMAROPA,MIMAROPA Region,Gold ore,809251.2,metric tonne,3681064373.2,MGB Forms 29-1 to 29-16 family / synthetic consolidation,DENR-MGB,SYNTHETIC_DEMO
MP-2025-009,2025,MGB-FAC-009,Synthetic Mineral Operation 09,R09,Zamboanga Peninsula,Copper concentrate,84235.8,metric tonne,1275839372.63,MGB Forms 29-1 to 29-16 family / synthetic consolidation,DENR-MGB,SYNTHETIC_DEMO
MP-2025-010,2025,MGB-FAC-010,Synthetic Mineral Operation 10,BARMM,Bangsamoro Autonomous Region in Muslim Mindanao,Limestone,823867.8,metric tonne,1166090147.16,MGB Forms 29-1 to 29-16 family / synthetic consolidation,DENR-MGB,SYNTHETIC_DEMO
MP-2025-011,2025,MGB-FAC-011,Synthetic Mineral Operation 11,R03,Central Luzon,Silica,307116.6,metric tonne,1391709315.79,MGB Forms 29-1 to 29-16 family / synthetic consolidation,DENR-MGB,SYNTHETIC_DEMO
MP-2025-012,2025,MGB-FAC-012,Synthetic Mineral Operation 12,R07,Central Visayas,Chromite,89011,metric tonne,970695252.49,MGB Forms 29-1 to 29-16 family / synthetic consolidation,DENR-MGB,SYNTHETIC_DEMO
MP-2025-013,2025,MGB-FAC-013,Synthetic Mineral Operation 13,R12,SOCCSKSARGEN,Aggregates,368822.2,metric tonne,1986486873.33,MGB Forms 29-1 to 29-16 family / synthetic consolidation,DENR-MGB,SYNTHETIC_DEMO
MP-2025-014,2025,MGB-FAC-014,Synthetic Mineral Operation 14,R01,Ilocos Region,Nickel ore,489703.7,metric tonne,6883023121.3,MGB Forms 29-1 to 29-16 family / synthetic consolidation,DENR-MGB,SYNTHETIC_DEMO
MP-2025-015,2025,MGB-FAC-015,Synthetic Mineral Operation 15,R05,Bicol Region,Gold ore,301833.9,metric tonne,1370795615.4,MGB Forms 29-1 to 29-16 family / synthetic consolidation,DENR-MGB,SYNTHETIC_DEMO
MP-2025-016,2025,MGB-FAC-016,Synthetic Mineral Operation 16,R10,Northern Mindanao,Copper concentrate,576133.5,metric tonne,1956717208.41,MGB Forms 29-1 to 29-16 family / synthetic consolidation,DENR-MGB,SYNTHETIC_DEMO
MP-2025-017,2025,MGB-FAC-017,Synthetic Mineral Operation 17,NCR,National Capital Region,Limestone,776025.1,metric tonne,8729853262.99,MGB Forms 29-1 to 29-16 family / synthetic consolidation,DENR-MGB,SYNTHETIC_DEMO
MP-2025-018,2025,MGB-FAC-018,Synthetic Mineral Operation 18,R04A,CALABARZON,Silica,65457.6,metric tonne,215887360.44,MGB Forms 29-1 to 29-16 family / synthetic consolidation,DENR-MGB,SYNTHETIC_DEMO
MP-2025-019,2025,MGB-FAC-019,Synthetic Mineral Operation 19,R08,Eastern Visayas,Chromite,353397.4,metric tonne,2921083472.03,MGB Forms 29-1 to 29-16 family / synthetic consolidation,DENR-MGB,SYNTHETIC_DEMO
MP-2025-020,2025,MGB-FAC-020,Synthetic Mineral Operation 20,R13,Caraga,Aggregates,748849.7,metric tonne,13014336711.18,MGB Forms 29-1 to 29-16 family / synthetic consolidation,DENR-MGB,SYNTHETIC_DEMO
MP-2025-021,2025,MGB-FAC-021,Synthetic Mineral Operation 21,R02,Cagayan Valley,Nickel ore,89688.1,metric tonne,217413220.56,MGB Forms 29-1 to 29-16 family / synthetic consolidation,DENR-MGB,SYNTHETIC_DEMO
MP-2025-022,2025,MGB-FAC-022,Synthetic Mineral Operation 22,R06,Western Visayas,Gold ore,248213.9,metric tonne,1731512708.83,MGB Forms 29-1 to 29-16 family / synthetic consolidation,DENR-MGB,SYNTHETIC_DEMO
MP-2025-023,2025,MGB-FAC-023,Synthetic Mineral Operation 23,R11,Davao Region,Copper concentrate,755236,metric tonne,4141450661.97,MGB Forms 29-1 to 29-16 family / synthetic consolidation,DENR-MGB,SYNTHETIC_DEMO
MP-2025-024,2025,MGB-FAC-024,Synthetic Mineral Operation 24,CAR,Cordillera Administrative Region,Limestone,770349.9,metric tonne,6286966572.11,MGB Forms 29-1 to 29-16 family / synthetic consolidation,DENR-MGB,SYNTHETIC_DEMO
MP-2025-025,2025,MGB-FAC-025,Synthetic Mineral Operation 25,MIMAROPA,MIMAROPA Region,Silica,648443.7,metric tonne,10911307882.58,MGB Forms 29-1 to 29-16 family / synthetic consolidation,DENR-MGB,SYNTHETIC_DEMO
MP-2025-026,2025,MGB-FAC-026,Synthetic Mineral Operation 26,R09,Zamboanga Peninsula,Chromite,794344.2,metric tonne,5391048885.76,MGB Forms 29-1 to 29-16 family / synthetic consolidation,DENR-MGB,SYNTHETIC_DEMO
MP-2025-027,2025,MGB-FAC-027,Synthetic Mineral Operation 27,BARMM,Bangsamoro Autonomous Region in Muslim Mindanao,Aggregates,441107.9,metric tonne,2899340379.62,MGB Forms 29-1 to 29-16 family / synthetic consolidation,DENR-MGB,SYNTHETIC_DEMO
MP-2025-028,2025,MGB-FAC-028,Synthetic Mineral Operation 28,R03,Central Luzon,Nickel ore,489798.6,metric tonne,3058604660.5,MGB Forms 29-1 to 29-16 family / synthetic consolidation,DENR-MGB,SYNTHETIC_DEMO
MP-2025-029,2025,MGB-FAC-029,Synthetic Mineral Operation 29,R07,Central Visayas,Gold ore,537246.3,metric tonne,6212923792.63,MGB Forms 29-1 to 29-16 family / synthetic consolidation,DENR-MGB,SYNTHETIC_DEMO
MP-2025-030,2025,MGB-FAC-030,Synthetic Mineral Operation 30,R12,SOCCSKSARGEN,Copper concentrate,251675.5,metric tonne,836468482.05,MGB Forms 29-1 to 29-16 family / synthetic consolidation,DENR-MGB,SYNTHETIC_DEMO
MP-2025-031,2025,MGB-FAC-031,Synthetic Mineral Operation 31,R01,Ilocos Region,Limestone,180022.5,metric tonne,1394182619.44,MGB Forms 29-1 to 29-16 family / synthetic consolidation,DENR-MGB,SYNTHETIC_DEMO
MP-2025-032,2025,MGB-FAC-032,Synthetic Mineral Operation 32,R05,Bicol Region,Silica,670002.1,metric tonne,10090423613.12,MGB Forms 29-1 to 29-16 family / synthetic consolidation,DENR-MGB,SYNTHETIC_DEMO
MP-2025-033,2025,MGB-FAC-033,Synthetic Mineral Operation 33,R10,Northern Mindanao,Chromite,713887.4,metric tonne,11082662150.68,MGB Forms 29-1 to 29-16 family / synthetic consolidation,DENR-MGB,SYNTHETIC_DEMO
MP-2025-034,2025,MGB-FAC-034,Synthetic Mineral Operation 34,NCR,National Capital Region,Aggregates,85543.1,metric tonne,338057217,MGB Forms 29-1 to 29-16 family / synthetic consolidation,DENR-MGB,SYNTHETIC_DEMO
MP-2025-035,2025,MGB-FAC-035,Synthetic Mineral Operation 35,R04A,CALABARZON,Nickel ore,618132.3,metric tonne,5661879419.12,MGB Forms 29-1 to 29-16 family / synthetic consolidation,DENR-MGB,SYNTHETIC_DEMO
MP-2025-036,2025,MGB-FAC-036,Synthetic Mineral Operation 36,R08,Eastern Visayas,Gold ore,493634.7,metric tonne,3462908920.58,MGB Forms 29-1 to 29-16 family / synthetic consolidation,DENR-MGB,SYNTHETIC_DEMO
